{
  "lat_min": 48.879808,
  "lat_max": 50.788104,
  "lon_min": -0.830806,
  "lon_max": 3.238055
}