{
  "lat_min": 47.383774,
  "lat_max": 49.291963,
  "lon_min": -1.176332,
  "lon_max": 2.770285
}