{
  "lat_min": 50.37489,
  "lat_max": 52.283883,
  "lon_min": -0.479584,
  "lon_max": 3.723144
}