{
  "lat_min": 48.671708,
  "lat_max": 50.579174,
  "lon_min": -2.938727,
  "lon_max": 1.10907
}